Top pages,Clicks,Impressions,CTR,Position
https://www.fsidigital.ca/blog/veteran-business-funding-canada-2026,3,132,2.27%,8.8
https://www.fsidigital.ca/grants/qc/montreal/women-entrepreneurs,2,205,0.98%,18.94
https://www.fsidigital.ca/grants/ca/san-francisco/technology,2,129,1.55%,15.13
https://www.fsidigital.ca/grants/mb/winnipeg/non-profits,2,58,3.45%,9.71
https://www.fsidigital.ca/grants/mn/minneapolis/restaurants-hospitality,2,10,20%,7.3
https://www.fsidigital.ca/blog/dod-sbir-defense-tech-grants,1,167,0.6%,7.98
https://www.fsidigital.ca/,1,157,0.64%,21.13
https://www.fsidigital.ca/grants/bc/vancouver/women-entrepreneurs,1,149,0.67%,18.69
https://www.fsidigital.ca/grants/on/toronto/restaurants-hospitality,1,148,0.68%,7.89
https://www.fsidigital.ca/canada/indigenous-entrepreneur-grants,1,108,0.93%,26.22
https://www.fsidigital.ca/blog/healthcare-grants-2026,1,97,1.03%,5.97
https://www.fsidigital.ca/usa/oregon,1,88,1.14%,16.55
https://www.fsidigital.ca/canada,1,88,1.14%,28.12
https://www.fsidigital.ca/usa/california,1,75,1.33%,30.47
https://www.fsidigital.ca/usa/kentucky,1,54,1.85%,9.7
https://www.fsidigital.ca/grants/il/chicago/women-entrepreneurs,1,51,1.96%,8.76
https://www.fsidigital.ca/grants/ab/calgary/restaurants-hospitality,1,46,2.17%,9.63
https://www.fsidigital.ca/grants/on/toronto/construction,1,40,2.5%,10.3
https://www.fsidigital.ca/grants/on/toronto/education,1,37,2.7%,7.24
https://www.fsidigital.ca/blog/women-technology-grants-canada,1,35,2.86%,28.03
https://www.fsidigital.ca/usa/massachusetts,1,26,3.85%,7.96
https://www.fsidigital.ca/grants/on/ottawa/women-entrepreneurs,1,26,3.85%,40.73
https://www.fsidigital.ca/grants/wa/seattle/women-entrepreneurs,1,25,4%,8.96
https://www.fsidigital.ca/grants/mb/winnipeg/restaurants-hospitality,1,25,4%,11.08
https://www.fsidigital.ca/grants/mn/minneapolis/women-entrepreneurs,1,21,4.76%,12.81
https://www.fsidigital.ca/canada/green-energy-grants,1,18,5.56%,14.89
https://www.fsidigital.ca/grants/az/tucson/construction,1,14,7.14%,2.5
https://www.fsidigital.ca/terms,1,14,7.14%,3.79
https://www.fsidigital.ca/grants/ab/calgary/logistics,1,14,7.14%,12.5
https://www.fsidigital.ca/grants/fl/tampa/technology,1,12,8.33%,10.08
https://www.fsidigital.ca/grants/ma/boston/education,1,8,12.5%,5.62
https://www.fsidigital.ca/grants/oh/columbus/education,1,8,12.5%,6.12
https://www.fsidigital.ca/grants/ca/oakland/non-profits,1,8,12.5%,8.75
https://www.fsidigital.ca/partners,1,8,12.5%,18.62
https://www.fsidigital.ca/blog/scotiabank-women-initiative,1,6,16.67%,7.17
https://www.fsidigital.ca/grants/mn/minneapolis/arts-entertainment,1,6,16.67%,8.67
https://www.fsidigital.ca/grants/on/brampton/construction,1,6,16.67%,9.5
https://www.fsidigital.ca/grants/mb/winnipeg/education,1,5,20%,6.2
https://www.fsidigital.ca/grants/nc/charlotte/restaurants-hospitality,1,5,20%,6.4
https://www.fsidigital.ca/grants/nc/raleigh/education,1,5,20%,10
https://www.fsidigital.ca/grants/tx/el-paso/women-entrepreneurs,1,4,25%,4.25
https://www.fsidigital.ca/grants/ny/buffalo/arts-entertainment,1,4,25%,5.75
https://www.fsidigital.ca/grants/tx/fort-worth/veterans,1,4,25%,7
https://www.fsidigital.ca/grants/mn/saint-paul/restaurants-hospitality,1,4,25%,14.5
https://www.fsidigital.ca/grants/on/hamilton/restaurants-hospitality,1,3,33.33%,3.33
https://www.fsidigital.ca/grants/nv/north-las-vegas/women-entrepreneurs,1,3,33.33%,6.33
https://www.fsidigital.ca/grants/ca/san-francisco/minority-owned,1,3,33.33%,13.67
https://www.fsidigital.ca/programs/qc-digital-growth,1,3,33.33%,20.67
https://www.fsidigital.ca/grants/nc/durham/minority-owned,1,2,50%,6
https://www.fsidigital.ca/grants/ny/syracuse/women-entrepreneurs,1,2,50%,6.5
https://www.fsidigital.ca/grants/oh/cleveland/construction,1,2,50%,6.5
https://www.fsidigital.ca/guides/women-entrepreneurship-fund-guide,1,2,50%,7.5
https://www.fsidigital.ca/grants/ns/halifax/manufacturing,1,1,100%,1
https://www.fsidigital.ca/grants/az/phoenix/logistics,1,1,100%,2
https://www.fsidigital.ca/grants/ca/riverside/agriculture,1,1,100%,6
https://www.fsidigital.ca/blog/nih-sbir-biotech-grants,0,1106,0%,8.6
https://www.fsidigital.ca/canada/small-business-grants,0,557,0%,61.29
https://www.fsidigital.ca/usa/minnesota,0,486,0%,10.61
https://www.fsidigital.ca/blog/csbfp-canada-small-business-financing-program,0,394,0%,68.14
https://www.fsidigital.ca/blog/nsf-sbir-grants-technology-startups,0,332,0%,9.66
https://www.fsidigital.ca/blog/canada-federal-grants,0,296,0%,31.86
https://www.fsidigital.ca/canada/women-business-grants,0,193,0%,42.95
https://www.fsidigital.ca/usa/missouri,0,190,0%,14.31
https://www.fsidigital.ca/usa/ohio,0,187,0%,12.2
https://www.fsidigital.ca/usa/new-york,0,156,0%,38.47
https://www.fsidigital.ca/usa/technology-startup-grants,0,149,0%,11.59
https://www.fsidigital.ca/usa/nevada,0,138,0%,7.97
https://www.fsidigital.ca/blog/usda-sbir-agtech-grants,0,136,0%,7.63
https://www.fsidigital.ca/blog/women-entrepreneurship-grants-2026,0,127,0%,51.58
https://www.fsidigital.ca/guides/apply-small-business-grants,0,127,0%,81.92
https://www.fsidigital.ca/usa/washington,0,119,0%,11.18
https://www.fsidigital.ca/canada/innovation-grants,0,112,0%,35.14
https://www.fsidigital.ca/blog/7-startup-accelerators-california-free-money,0,111,0%,12.78
https://www.fsidigital.ca/blog/colorado-tech-programs,0,107,0%,9.96
https://www.fsidigital.ca/grants/bc/vancouver/technology,0,106,0%,15
https://www.fsidigital.ca/blog/canada-startup-funding-grants-guide,0,106,0%,41.57
https://www.fsidigital.ca/usa/minnesota/minneapolis,0,103,0%,24.49
https://www.fsidigital.ca/usa,0,100,0%,12.69
https://www.fsidigital.ca/usa/rhode-island,0,94,0%,17.2
https://www.fsidigital.ca/canada/government-grants,0,94,0%,60.06
https://www.fsidigital.ca/blog/alberta-small-business-grants-guide,0,85,0%,54.58
https://www.fsidigital.ca/topics/canada-digital-adoption-program-grant,0,83,0%,47.72
https://www.fsidigital.ca/grants/mi/detroit/minority-owned,0,79,0%,15.76
https://www.fsidigital.ca/usa/iowa,0,76,0%,36.76
https://www.fsidigital.ca/usa/north-carolina,0,65,0%,14.78
https://www.fsidigital.ca/blog/youth-entrepreneurship-canada-funding,0,64,0%,17.84
https://www.fsidigital.ca/blog/saskatchewan-small-business-grants-guide,0,64,0%,37.73
https://www.fsidigital.ca/blog/bc-women-business-grants,0,63,0%,58.75
https://www.fsidigital.ca/grants/bc/vancouver/non-profits,0,62,0%,25.68
https://www.fsidigital.ca/grants/pa/philadelphia/women-entrepreneurs,0,57,0%,8.53
https://www.fsidigital.ca/blog/women-entrepreneurship-strategy-canada,0,56,0%,9.23
https://www.fsidigital.ca/usa/arkansas,0,50,0%,12.5
https://www.fsidigital.ca/usa/wisconsin,0,49,0%,19.16
https://www.fsidigital.ca/programs/mitacs-accelerate,0,46,0%,8.33
https://www.fsidigital.ca/usa/louisiana,0,44,0%,18.09
https://www.fsidigital.ca/blog/quebec-small-business-grants-guide,0,38,0%,8.92
https://www.fsidigital.ca/grants/bc/surrey/manufacturing,0,38,0%,21.5
https://www.fsidigital.ca/grants/ab/calgary/minority-owned,0,38,0%,29.03
https://www.fsidigital.ca/grants/location/ontario,0,38,0%,54.63
https://www.fsidigital.ca/guides/nserc-research-grants-guide,0,37,0%,9.78
https://www.fsidigital.ca/blog/canada-irap-grants-2026,0,37,0%,31.38
https://www.fsidigital.ca/usa/ohio/cincinnati,0,37,0%,39.03
https://www.fsidigital.ca/usa/vermont/brattleboro,0,36,0%,17.53
https://www.fsidigital.ca/guides/apply-ontario-business-grants,0,36,0%,63.47
https://www.fsidigital.ca/grants/az/chandler/retail,0,35,0%,8.91
https://www.fsidigital.ca/blog/canada-technology-adoption-grants-guide,0,34,0%,15.47
https://www.fsidigital.ca/usa/texas/houston,0,34,0%,19.29
https://www.fsidigital.ca/download/alberta-women-business-grants-guide,0,34,0%,45.76
https://www.fsidigital.ca/usa/arizona,0,32,0%,29.28
https://www.fsidigital.ca/blog/canada-digital-ai-innovation-grants,0,31,0%,67.84
https://www.fsidigital.ca/grants/ca/ontario-ca,0,30,0%,70.57
https://www.fsidigital.ca/blog/canada-agriculture-agrifood-grants-guide,0,29,0%,17.38
https://www.fsidigital.ca/blog/new-york-business-grants-2026,0,27,0%,8.48
https://www.fsidigital.ca/usa/federal-grants,0,27,0%,65.33
https://www.fsidigital.ca/grants/ma/boston/women-entrepreneurs,0,26,0%,9.31
https://www.fsidigital.ca/usa/michigan/grand-rapids,0,26,0%,18.77
https://www.fsidigital.ca/compare/mitacs-vs-irap,0,25,0%,9.72
https://www.fsidigital.ca/download/nasa-sbir-space-tech-guide,0,25,0%,10.04
https://www.fsidigital.ca/usa/women-entrepreneurs-grants,0,25,0%,12.04
https://www.fsidigital.ca/grants/tx/dallas/women-entrepreneurs,0,24,0%,8.21
https://www.fsidigital.ca/blog/indigenous-business-development-2026,0,24,0%,11
https://www.fsidigital.ca/download/software-saas-grants-guide,0,23,0%,5.26
https://www.fsidigital.ca/download/ai-ml-grants-guide,0,23,0%,15.35
https://www.fsidigital.ca/program-updates,0,22,0%,6.41
https://www.fsidigital.ca/download/colorado-tech-guide,0,22,0%,6.5
https://www.fsidigital.ca/grants/oh/toledo/non-profits,0,22,0%,7.14
https://www.fsidigital.ca/grants/pa/philadelphia/veterans,0,22,0%,7.82
https://www.fsidigital.ca/download/amber-grant-women-application-guide,0,22,0%,10.32
https://www.fsidigital.ca/download/california-tech-guide,0,22,0%,10.95
https://www.fsidigital.ca/topics/minority-business-grants-canada,0,22,0%,27
https://www.fsidigital.ca/about,0,20,0%,5.3
https://www.fsidigital.ca/grants/ca/san-francisco/women-entrepreneurs,0,20,0%,30.4
https://www.fsidigital.ca/download/sif-application-kit,0,19,0%,7.21
https://www.fsidigital.ca/grants/oh/columbus/technology,0,18,0%,6.94
https://www.fsidigital.ca/usa/vermont,0,17,0%,5.71
https://www.fsidigital.ca/grants/ma/boston/minority-owned,0,17,0%,6.24
https://www.fsidigital.ca/grants/il/chicago/restaurants-hospitality,0,17,0%,8.12
https://www.fsidigital.ca/usa/ohio/columbus,0,16,0%,7.44
https://www.fsidigital.ca/blog/canexport-grants-2026,0,16,0%,9
https://www.fsidigital.ca/grants/ga/atlanta/veterans,0,16,0%,10.31
https://www.fsidigital.ca/grants/industry/bc-technology,0,16,0%,20.88
https://www.fsidigital.ca/programs/qc-tech-innovation,0,16,0%,29.81
https://www.fsidigital.ca/contact,0,16,0%,30.5
https://www.fsidigital.ca/download/massachusetts-tech-guide,0,16,0%,45.25
https://www.fsidigital.ca/grants/in/indianapolis/technology,0,15,0%,7.53
https://www.fsidigital.ca/grants/ak/anchorage/women-entrepreneurs,0,15,0%,8.07
https://www.fsidigital.ca/grants/ga/atlanta/technology,0,15,0%,8.8
https://www.fsidigital.ca/grants/id/boise/non-profits,0,15,0%,10.33
https://www.fsidigital.ca/grants/nj/jersey-city/women-entrepreneurs,0,15,0%,10.8
https://www.fsidigital.ca/guides/apply-youth-entrepreneurship-funding,0,15,0%,11.6
https://www.fsidigital.ca/usa/washington/bellevue,0,15,0%,22.07
https://www.fsidigital.ca/download/new-york-tech-guide,0,15,0%,38.07
https://www.fsidigital.ca/grants/nv/north-las-vegas/restaurants-hospitality,0,14,0%,5.29
https://www.fsidigital.ca/blog,0,14,0%,6.86
https://www.fsidigital.ca/about-founder,0,14,0%,6.93
https://www.fsidigital.ca/grants/fl/orlando/technology,0,14,0%,7.36
https://www.fsidigital.ca/grants/ne/lincoln/women-entrepreneurs,0,14,0%,7.5
https://www.fsidigital.ca/grants/qc/montreal/retail,0,14,0%,8.43
https://www.fsidigital.ca/download/canada-digital-ai-funding-guide,0,14,0%,52.43
https://www.fsidigital.ca/grants/mi/detroit/women-entrepreneurs,0,13,0%,8.54
https://www.fsidigital.ca/grants/va/norfolk/retail,0,13,0%,8.69
https://www.fsidigital.ca/grants/ny/mount-vernon/non-profits,0,13,0%,11.54
https://www.fsidigital.ca/usa/small-business-grants,0,13,0%,14.46
https://www.fsidigital.ca/topics/bc-tech-grant,0,13,0%,16.08
https://www.fsidigital.ca/topics/government-grants-for-manufacturing-canada,0,13,0%,18.15
https://www.fsidigital.ca/programs/cdap,0,13,0%,67.62
https://www.fsidigital.ca/grants/industry/bc-saas,0,12,0%,6.83
https://www.fsidigital.ca/grants/il/chicago/minority-owned,0,12,0%,7.08
https://www.fsidigital.ca/download/women-entrepreneurship-fund-guide,0,12,0%,7.25
https://www.fsidigital.ca/grants/oh/cincinnati/technology,0,12,0%,7.5
https://www.fsidigital.ca/grants/fl/st-petersburg/non-profits,0,12,0%,8.25
https://www.fsidigital.ca/privacy,0,12,0%,8.25
https://www.fsidigital.ca/grants/ab/calgary/women-entrepreneurs,0,12,0%,9.5
https://www.fsidigital.ca/grants/nc/durham/veterans,0,12,0%,9.5
https://www.fsidigital.ca/grants/oh/cincinnati/veterans,0,12,0%,9.83
https://www.fsidigital.ca/grants/fl/tampa/non-profits,0,12,0%,10.92
https://www.fsidigital.ca/grants/fl/tallahassee/technology,0,12,0%,11.75
https://www.fsidigital.ca/grants/pa/philadelphia/retail,0,12,0%,14
https://www.fsidigital.ca/grants/qc/longueuil/retail,0,12,0%,23.83
https://www.fsidigital.ca/grants/tn/nashville/minority-owned,0,11,0%,5.82
https://www.fsidigital.ca/grants/wa/seattle/restaurants-hospitality,0,11,0%,6.18
https://www.fsidigital.ca/grants/nv/north-las-vegas/veterans,0,11,0%,7.18
https://www.fsidigital.ca/grants/qc/montreal/technology,0,11,0%,7.36
https://www.fsidigital.ca/grants/il/chicago/technology,0,11,0%,7.64
https://www.fsidigital.ca/grants/in/indianapolis/veterans,0,11,0%,7.91
https://www.fsidigital.ca/guides/apply-doe-clean-energy-grants,0,11,0%,8
https://www.fsidigital.ca/grants/az/phoenix/restaurants-hospitality,0,11,0%,8.45
https://www.fsidigital.ca/grants/va/norfolk/non-profits,0,11,0%,8.82
https://www.fsidigital.ca/grants/on/toronto/healthcare,0,11,0%,9.45
https://www.fsidigital.ca/download/hardware-iot-grants-guide,0,11,0%,10
https://www.fsidigital.ca/grants/az/gilbert/veterans,0,11,0%,10.09
https://www.fsidigital.ca/topics/irap-funding-eligibility,0,11,0%,12
https://www.fsidigital.ca/download/dod-sbir-defense-tech-guide,0,11,0%,13.64
https://www.fsidigital.ca/grants/on/ottawa/non-profits,0,11,0%,13.73
https://www.fsidigital.ca/blog/sba-microloans-complete-guide,0,11,0%,15.36
https://www.fsidigital.ca/download/indigenous-women-business-grants-guide,0,11,0%,72.36
https://www.fsidigital.ca/grants/ny/new-york-city/restaurants-hospitality,0,10,0%,5.3
https://www.fsidigital.ca/download/women-clean-technology-grants-guide,0,10,0%,6.2
https://www.fsidigital.ca/calculator,0,10,0%,6.4
https://www.fsidigital.ca/about/author,0,10,0%,7.1
https://www.fsidigital.ca/grants/nc/durham/restaurants-hospitality,0,10,0%,7.7
https://www.fsidigital.ca/grants/pa/philadelphia/technology,0,10,0%,8.4
https://www.fsidigital.ca/grant-finder,0,10,0%,8.6
https://www.fsidigital.ca/grants/oh/toledo/arts-entertainment,0,10,0%,8.8
https://www.fsidigital.ca/usa/california/san-diego,0,10,0%,9.5
https://www.fsidigital.ca/usa/michigan/ann-arbor,0,10,0%,9.7
https://www.fsidigital.ca/grants/il/chicago/non-profits,0,10,0%,10.5
https://www.fsidigital.ca/grants/ny/new-york-city/veterans,0,10,0%,10.6
https://www.fsidigital.ca/download/edc-women-trade-export-financing-guide,0,10,0%,20.6
https://www.fsidigital.ca/download/nih-sbir-biotech-guide,0,10,0%,25
https://www.fsidigital.ca/compare/sba-vs-reap,0,10,0%,26.8
https://www.fsidigital.ca/database,0,10,0%,27.4
https://www.fsidigital.ca/grants/ks/wichita/veterans,0,10,0%,27.6
https://www.fsidigital.ca/grants/on/toronto/manufacturing,0,10,0%,40.9
https://www.fsidigital.ca/grants/oh/cleveland/veterans,0,9,0%,5.89
https://www.fsidigital.ca/grants/tx/laredo/healthcare,0,9,0%,6
https://www.fsidigital.ca/disclaimer,0,9,0%,6.78
https://www.fsidigital.ca/grants/ga/atlanta/women-entrepreneurs,0,9,0%,7.11
https://www.fsidigital.ca/programs/sif,0,9,0%,7.67
https://www.fsidigital.ca/grants/tx/san-antonio/women-entrepreneurs,0,9,0%,8
https://www.fsidigital.ca/grants/ny/yonkers/non-profits,0,9,0%,8.33
https://www.fsidigital.ca/grants/oh/columbus/women-entrepreneurs,0,9,0%,8.33
https://www.fsidigital.ca/grants/az/glendale/veterans,0,9,0%,8.56
https://www.fsidigital.ca/blog/regional-development-agencies-government-grants,0,9,0%,8.78
https://www.fsidigital.ca/grants/on/toronto/retail,0,9,0%,10.33
https://www.fsidigital.ca/usa/alabama/huntsville,0,9,0%,15.22
https://www.fsidigital.ca/grants/oh/cleveland/logistics,0,8,0%,2.88
https://www.fsidigital.ca/blog/nasa-sbir-space-tech-grants,0,8,0%,5.38
https://www.fsidigital.ca/grants/industry/bc-tourism,0,8,0%,7
https://www.fsidigital.ca/grants/on/windsor/retail,0,8,0%,7.88
https://www.fsidigital.ca/grants/oh/toledo/retail,0,8,0%,8.38
https://www.fsidigital.ca/grants/az/phoenix/veterans,0,8,0%,8.62
https://www.fsidigital.ca/grants/tn/nashville/technology,0,8,0%,9.12
https://www.fsidigital.ca/grants/oh/toledo/technology,0,8,0%,9.38
https://www.fsidigital.ca/usa/new-hampshire,0,8,0%,9.75
https://www.fsidigital.ca/grants/il/chicago/veterans,0,8,0%,11.5
https://www.fsidigital.ca/grants,0,8,0%,16.5
https://www.fsidigital.ca/grants/la/baton-rouge/non-profits,0,8,0%,17.62
https://www.fsidigital.ca/grants/ok/tulsa/veterans,0,8,0%,18.25
https://www.fsidigital.ca/grants/qc/montreal/healthcare,0,8,0%,22.25
https://www.fsidigital.ca/blog/women-entrepreneurship-loan-fund-canada,0,8,0%,24.88
https://www.fsidigital.ca/grants/az/scottsdale/education,0,7,0%,4.71
https://www.fsidigital.ca/download/nsf-sbir-grants-guide,0,7,0%,6.57
https://www.fsidigital.ca/grants/tx/fort-worth/women-entrepreneurs,0,7,0%,6.57
https://www.fsidigital.ca/download/biotech-grants-guide,0,7,0%,6.71
https://www.fsidigital.ca/grants/az/scottsdale/retail,0,7,0%,6.71
https://www.fsidigital.ca/grants/nb/saint-john/agriculture,0,7,0%,7.29
https://www.fsidigital.ca/grants/oh/cleveland/women-entrepreneurs,0,7,0%,7.86
https://www.fsidigital.ca/grants/bc/burnaby/clean-energy,0,7,0%,8
https://www.fsidigital.ca/grants/tx/austin/arts-entertainment,0,7,0%,8.86
https://www.fsidigital.ca/grants/ny/yonkers/restaurants-hospitality,0,7,0%,9
https://www.fsidigital.ca/grants/nc/durham/agriculture,0,7,0%,9.43
https://www.fsidigital.ca/programs/ontario-hiring-grant,0,7,0%,9.57
https://www.fsidigital.ca/grants/hi/honolulu/women-entrepreneurs,0,7,0%,9.71
https://www.fsidigital.ca/programs/pa-digital-growth,0,7,0%,9.86
https://www.fsidigital.ca/grants/tx/houston/restaurants-hospitality,0,7,0%,10.86
https://www.fsidigital.ca/customer-success,0,7,0%,11.43
https://www.fsidigital.ca/topics/how-to-apply-government-grants-canada,0,7,0%,11.86
https://www.fsidigital.ca/grants/bc/burnaby/non-profits,0,7,0%,12.57
https://www.fsidigital.ca/blog/minority-business-grants-2026,0,7,0%,14.71
https://www.fsidigital.ca/grants/ny/new-york-city/healthcare,0,7,0%,15.71
https://www.fsidigital.ca/grants/ok/oklahoma-city/retail,0,7,0%,16.29
https://www.fsidigital.ca/blog/canada-aerospace-defence-innovation-grants,0,7,0%,16.57
https://www.fsidigital.ca/grants/bc/burnaby/manufacturing,0,7,0%,24.71
https://www.fsidigital.ca/topics/government-loans-small-business-canada,0,7,0%,37.14
https://www.fsidigital.ca/grants/industry/biotech-pharma,0,7,0%,40
https://www.fsidigital.ca/usa/vermont/montpelierbarre,0,7,0%,59.71
https://www.fsidigital.ca/grants/tx/corpus-christi,0,7,0%,77
https://www.fsidigital.ca/grants/hi/honolulu/education,0,6,0%,3.67
https://www.fsidigital.ca/grants/fl/jacksonville/education,0,6,0%,4.83
https://www.fsidigital.ca/grants/id/boise/manufacturing,0,6,0%,4.83
https://www.fsidigital.ca/grants/tx/dallas/manufacturing,0,6,0%,6
https://www.fsidigital.ca/grants/nv/reno/veterans,0,6,0%,6.67
https://www.fsidigital.ca/grants/tx/houston/minority-owned,0,6,0%,6.83
https://www.fsidigital.ca/compare/nsf-vs-nih-sbir,0,6,0%,7
https://www.fsidigital.ca/grants/nj/jersey-city/veterans,0,6,0%,7
https://www.fsidigital.ca/grants/az/scottsdale/construction,0,6,0%,7.17
https://www.fsidigital.ca/grants/bc/vancouver/restaurants-hospitality,0,6,0%,7.17
https://www.fsidigital.ca/grants/oh/cincinnati/women-entrepreneurs,0,6,0%,7.33
https://www.fsidigital.ca/grants/oh/columbus/restaurants-hospitality,0,6,0%,7.67
https://www.fsidigital.ca/canada/ontario,0,6,0%,8
https://www.fsidigital.ca/download/youth-entrepreneurship-kit,0,6,0%,8.5
https://www.fsidigital.ca/grants/in/indianapolis/women-entrepreneurs,0,6,0%,8.83
https://www.fsidigital.ca/guides/apply-regional-development-agencies,0,6,0%,9
https://www.fsidigital.ca/download/rbc-women-entrepreneur-awards-guide,0,6,0%,9.17
https://www.fsidigital.ca/grants/la/new-orleans/education,0,6,0%,9.17
https://www.fsidigital.ca/grants/ca/los-angeles/restaurants-hospitality,0,6,0%,9.33
https://www.fsidigital.ca/grants/nv/henderson/retail,0,6,0%,9.33
https://www.fsidigital.ca/grants/tx/austin/restaurants-hospitality,0,6,0%,9.5
https://www.fsidigital.ca/grants/tx/corpus-christi/retail,0,6,0%,9.83
https://www.fsidigital.ca/grants/ny/syracuse/non-profits,0,6,0%,10.17
https://www.fsidigital.ca/download/bmo-celebrating-women-grant-guide,0,6,0%,10.5
https://www.fsidigital.ca/grants/il/chicago/retail,0,6,0%,10.5
https://www.fsidigital.ca/grants/qc/quebec-city/retail,0,6,0%,10.5
https://www.fsidigital.ca/grants/nc/charlotte/women-entrepreneurs,0,6,0%,10.67
https://www.fsidigital.ca/grants/nv/north-las-vegas/logistics,0,6,0%,11
https://www.fsidigital.ca/grants/ga/atlanta/retail,0,6,0%,11.17
https://www.fsidigital.ca/download/usda-sbir-agtech-guide,0,6,0%,11.33
https://www.fsidigital.ca/grants/wi/madison/veterans,0,6,0%,11.33
https://www.fsidigital.ca/blog/sba-sbir-grants-2026,0,6,0%,12
https://www.fsidigital.ca/grants/ny/new-york-city/non-profits,0,6,0%,14.5
https://www.fsidigital.ca/grants/nc/greensboro/technology,0,6,0%,15
https://www.fsidigital.ca/programs/doe-clean-energy,0,6,0%,17
https://www.fsidigital.ca/grants/az/chandler/non-profits,0,6,0%,19.67
https://www.fsidigital.ca/download/ontario-business-grants-kit,0,6,0%,19.83
https://www.fsidigital.ca/download/doe-sbir-clean-energy-guide,0,6,0%,25.67
https://www.fsidigital.ca/grants/ca/los-angeles/women-entrepreneurs,0,6,0%,26.5
https://www.fsidigital.ca/download/alberta-business-grants-kit,0,6,0%,55.17
https://www.fsidigital.ca/download/women-entrepreneurship-loan-fund-guide,0,6,0%,60.5
https://www.fsidigital.ca/programs/tx-tech-innovation,0,5,0%,3.2
https://www.fsidigital.ca/grants/wa/seattle/education,0,5,0%,4.4
https://www.fsidigital.ca/grants/oh/toledo/restaurants-hospitality,0,5,0%,4.6
https://www.fsidigital.ca/grants/tx/dallas/education,0,5,0%,4.6
https://www.fsidigital.ca/programs/sba-growth-accelerator,0,5,0%,4.8
https://www.fsidigital.ca/grants/bc/kelowna/women-entrepreneurs,0,5,0%,5.2
https://www.fsidigital.ca/grants/ny/new-york-city/retail,0,5,0%,5.2
https://www.fsidigital.ca/testimonials,0,5,0%,5.4
https://www.fsidigital.ca/grants/md/baltimore/education,0,5,0%,5.8
https://www.fsidigital.ca/guides/apply-women-entrepreneurship-strategy,0,5,0%,6
https://www.fsidigital.ca/grants/qc/quebec-city/technology,0,5,0%,6.2
https://www.fsidigital.ca/grants/tx/lubbock/retail,0,5,0%,6.2
https://www.fsidigital.ca/grants/tx/houston/manufacturing,0,5,0%,6.6
https://www.fsidigital.ca/programs/new-york-step,0,5,0%,6.8
https://www.fsidigital.ca/grants/ga/atlanta/healthcare,0,5,0%,7
https://www.fsidigital.ca/grants/qc/laval/non-profits,0,5,0%,7
https://www.fsidigital.ca/grants/tx/houston/women-entrepreneurs,0,5,0%,7
https://www.fsidigital.ca/grants/co/colorado-springs/veterans,0,5,0%,7.2
https://www.fsidigital.ca/grants/qc/montreal/non-profits,0,5,0%,7.2
https://www.fsidigital.ca/grants/ca/irvine/arts-entertainment,0,5,0%,7.4
https://www.fsidigital.ca/grants/va/norfolk/veterans,0,5,0%,7.6
https://www.fsidigital.ca/grants/pa/philadelphia/restaurants-hospitality,0,5,0%,8
https://www.fsidigital.ca/grants/tx/houston/agriculture,0,5,0%,8.2
https://www.fsidigital.ca/grants/ca/chula-vista/manufacturing,0,5,0%,8.6
https://www.fsidigital.ca/grants/fl/jacksonville/women-entrepreneurs,0,5,0%,8.8
https://www.fsidigital.ca/grants/mi/detroit/veterans,0,5,0%,8.8
https://www.fsidigital.ca/grants/ny/buffalo/restaurants-hospitality,0,5,0%,8.8
https://www.fsidigital.ca/grants/oh/toledo/women-entrepreneurs,0,5,0%,9.4
https://www.fsidigital.ca/grants/az/scottsdale/veterans,0,5,0%,9.8
https://www.fsidigital.ca/grants/bc/victoria/non-profits,0,5,0%,9.8
https://www.fsidigital.ca/download/ontario-women-business-grants-guide,0,5,0%,10.2
https://www.fsidigital.ca/usa/tennessee/nashville,0,5,0%,10.2
https://www.fsidigital.ca/grants/bc/victoria/manufacturing,0,5,0%,10.4
https://www.fsidigital.ca/grants/fl/hialeah/retail,0,5,0%,10.4
https://www.fsidigital.ca/grants/ky/lexington/women-entrepreneurs,0,5,0%,10.6
https://www.fsidigital.ca/grants/qc/montreal/construction,0,5,0%,10.6
https://www.fsidigital.ca/grants/ny/rochester/arts-entertainment,0,5,0%,11
https://www.fsidigital.ca/blog/nserc-research-grants-canada,0,5,0%,12.2
https://www.fsidigital.ca/grants/va/norfolk/education,0,5,0%,13.8
https://www.fsidigital.ca/blog/cybersecurity-grants,0,5,0%,14.6
https://www.fsidigital.ca/grants/ca/irvine/non-profits,0,5,0%,19.8
https://www.fsidigital.ca/grants/bc/coquitlam/women-entrepreneurs,0,5,0%,20.4
https://www.fsidigital.ca/guides/apply-irap-grants,0,5,0%,21.4
https://www.fsidigital.ca/grants/ny/buffalo/veterans,0,5,0%,32.8
https://www.fsidigital.ca/grants/ny/new-rochelle/technology,0,5,0%,36
https://www.fsidigital.ca/topics/bdc-small-business-loans,0,5,0%,38.2
https://www.fsidigital.ca/download/sba-application-checklist,0,5,0%,43.8
https://www.fsidigital.ca/grants/ca/santa-ana/restaurants-hospitality,0,5,0%,71.2
https://www.fsidigital.ca/download/sred-application-kit,0,4,0%,2.75
https://www.fsidigital.ca/grants/tn/nashville/manufacturing,0,4,0%,3.5
https://www.fsidigital.ca/download/canada-aerospace-defence-funding-guide,0,4,0%,3.75
https://www.fsidigital.ca/grants/tx/dallas/technology,0,4,0%,3.75
https://www.fsidigital.ca/sample-report,0,4,0%,3.75
https://www.fsidigital.ca/grants/ca/fremont/non-profits,0,4,0%,4
https://www.fsidigital.ca/grants/tn/nashville/logistics,0,4,0%,4.5
https://www.fsidigital.ca/grants/ab/calgary/clean-energy,0,4,0%,5
https://www.fsidigital.ca/grants/az/glendale/education,0,4,0%,5.25
https://www.fsidigital.ca/grants/bc/vancouver/healthcare,0,4,0%,5.25
https://www.fsidigital.ca/grants/ca/fremont/clean-energy,0,4,0%,5.25
https://www.fsidigital.ca/grants/nv/reno/healthcare,0,4,0%,5.25
https://www.fsidigital.ca/grants/nv/north-las-vegas/technology,0,4,0%,5.5
https://www.fsidigital.ca/programs/il-tech-innovation,0,4,0%,5.5
https://www.fsidigital.ca/grants/qc/montreal/clean-energy,0,4,0%,5.75
https://www.fsidigital.ca/grants/ca/santa-ana/technology,0,4,0%,6
https://www.fsidigital.ca/grants/id/boise/technology,0,4,0%,6
https://www.fsidigital.ca/grants/ok/tulsa/restaurants-hospitality,0,4,0%,6
https://www.fsidigital.ca/grants/tx/dallas/arts-entertainment,0,4,0%,6
https://www.fsidigital.ca/grants/va/chesapeake/education,0,4,0%,6
https://www.fsidigital.ca/grants/bc/surrey/education,0,4,0%,6.5
https://www.fsidigital.ca/grants/nj/jersey-city/technology,0,4,0%,6.5
https://www.fsidigital.ca/usa/alaska/anchorage,0,4,0%,6.5
https://www.fsidigital.ca/grants/az/gilbert/education,0,4,0%,6.75
https://www.fsidigital.ca/programs/on-clean-energy,0,4,0%,6.75
https://www.fsidigital.ca/download,0,4,0%,7
https://www.fsidigital.ca/grants/hi/honolulu/veterans,0,4,0%,7
https://www.fsidigital.ca/grants/ny/new-york-city/clean-energy,0,4,0%,7
https://www.fsidigital.ca/grants/az/gilbert/restaurants-hospitality,0,4,0%,7.25
https://www.fsidigital.ca/grants/fl/orlando/restaurants-hospitality,0,4,0%,7.5
https://www.fsidigital.ca/grants/nj/newark/education,0,4,0%,7.5
https://www.fsidigital.ca/grants/on/mississauga/logistics,0,4,0%,7.5
https://www.fsidigital.ca/usa/new-jersey/princeton,0,4,0%,7.5
https://www.fsidigital.ca/grants/az/tucson/manufacturing,0,4,0%,7.75
https://www.fsidigital.ca/grants/mi/detroit/technology,0,4,0%,7.75
https://www.fsidigital.ca/grants/nc/charlotte/healthcare,0,4,0%,7.75
https://www.fsidigital.ca/grants/ok/oklahoma-city/agriculture,0,4,0%,7.75
https://www.fsidigital.ca/grants/or/portland/women-entrepreneurs,0,4,0%,7.75
https://www.fsidigital.ca/grants/az/phoenix/construction,0,4,0%,8
https://www.fsidigital.ca/grants/qc/quebec-city/clean-energy,0,4,0%,8
https://www.fsidigital.ca/grants/ab/calgary/education,0,4,0%,8.25
https://www.fsidigital.ca/grants/nv/north-las-vegas/retail,0,4,0%,8.25
https://www.fsidigital.ca/grants/nv/reno/arts-entertainment,0,4,0%,8.25
https://www.fsidigital.ca/guides,0,4,0%,8.25
https://www.fsidigital.ca/guides/apply-quebec-business-grants,0,4,0%,8.25
https://www.fsidigital.ca/grants/il/joliet/retail,0,4,0%,8.5
https://www.fsidigital.ca/grants/tx/corpus-christi/technology,0,4,0%,8.5
https://www.fsidigital.ca/blog/nsf-stem-research-2026,0,4,0%,8.75
https://www.fsidigital.ca/grants/ca/chula-vista/retail,0,4,0%,8.75
https://www.fsidigital.ca/grants/hi/honolulu/technology,0,4,0%,8.75
https://www.fsidigital.ca/grants/tx/dallas/restaurants-hospitality,0,4,0%,8.75
https://www.fsidigital.ca/blog/sbir-sttr-complete-guide,0,4,0%,9
https://www.fsidigital.ca/grants/bc/richmond/agriculture,0,4,0%,9
https://www.fsidigital.ca/grants/mi/detroit/arts-entertainment,0,4,0%,9.5
https://www.fsidigital.ca/grants/ny/new-york-city/technology,0,4,0%,9.5
https://www.fsidigital.ca/grants/ca/chula-vista/women-entrepreneurs,0,4,0%,9.75
https://www.fsidigital.ca/grants/or/portland/technology,0,4,0%,9.75
https://www.fsidigital.ca/usa/new-york/albany,0,4,0%,9.75
https://www.fsidigital.ca/blog/manitoba-small-business-grants-guide,0,4,0%,10
https://www.fsidigital.ca/blog/washington-tech-programs,0,4,0%,12.75
https://www.fsidigital.ca/programs/on-digital-growth,0,4,0%,20.25
https://www.fsidigital.ca/download/quebec-business-grants-kit,0,4,0%,21
https://www.fsidigital.ca/grants/il/peoria-il/minority-owned,0,4,0%,21.5
https://www.fsidigital.ca/grants/la/new-orleans/technology,0,4,0%,22.75
https://www.fsidigital.ca/usa/idaho,0,4,0%,28.25
https://www.fsidigital.ca/grants/pa/philadelphia/construction,0,4,0%,31.25
https://www.fsidigital.ca/grants/in,0,4,0%,40
https://www.fsidigital.ca/blog?category=Funding Alerts,0,4,0%,45.25
https://www.fsidigital.ca/resources,0,4,0%,88.75
https://www.fsidigital.ca/grants/ok/tulsa/manufacturing,0,3,0%,2.33
https://www.fsidigital.ca/programs/tx-digital-growth,0,3,0%,2.33
https://www.fsidigital.ca/grants/ca/fremont/education,0,3,0%,3.67
https://www.fsidigital.ca/grants/industry/restaurants-hospitality,0,3,0%,3.67
https://www.fsidigital.ca/download/women-entrepreneurship-application-kit,0,3,0%,4
https://www.fsidigital.ca/grants/qc/trois-rivieres/retail,0,3,0%,4
https://www.fsidigital.ca/grants/fl/tallahassee/restaurants-hospitality,0,3,0%,4.33
https://www.fsidigital.ca/programs/irap-grant,0,3,0%,4.33
https://www.fsidigital.ca/grants/nv/reno/construction,0,3,0%,5
https://www.fsidigital.ca/grants/ga/atlanta/restaurants-hospitality,0,3,0%,5.33
https://www.fsidigital.ca/grants/in/fort-wayne/veterans,0,3,0%,5.67
https://www.fsidigital.ca/grants/tx/dallas/non-profits,0,3,0%,5.67
https://www.fsidigital.ca/grants/tx/san-antonio/agriculture,0,3,0%,5.67
https://www.fsidigital.ca/guides/bdc-women-entrepreneurs-financing-guide,0,3,0%,5.67
https://www.fsidigital.ca/grants/co/denver/logistics,0,3,0%,6
https://www.fsidigital.ca/grants/tn/nashville/arts-entertainment,0,3,0%,6
https://www.fsidigital.ca/grants/va/norfolk/women-entrepreneurs,0,3,0%,6
https://www.fsidigital.ca/grants/in/fort-wayne/technology,0,3,0%,6.33
https://www.fsidigital.ca/grants/nm/albuquerque/healthcare,0,3,0%,6.33
https://www.fsidigital.ca/grants/tx/austin/women-entrepreneurs,0,3,0%,6.33
https://www.fsidigital.ca/grants/ny/buffalo/non-profits,0,3,0%,6.67
https://www.fsidigital.ca/grants/on/brampton/women-entrepreneurs,0,3,0%,6.67
https://www.fsidigital.ca/grants/on/hamilton/logistics,0,3,0%,6.67
https://www.fsidigital.ca/grants/on/mississauga/technology,0,3,0%,6.67
https://www.fsidigital.ca/grants/tn/memphis/minority-owned,0,3,0%,6.67
https://www.fsidigital.ca/grants/ab/edmonton/non-profits,0,3,0%,7
https://www.fsidigital.ca/grants/co/denver/non-profits,0,3,0%,7
https://www.fsidigital.ca/grants/in/fort-wayne/healthcare,0,3,0%,7
https://www.fsidigital.ca/grants/ny/yonkers/logistics,0,3,0%,7
https://www.fsidigital.ca/grants/oh/cleveland/education,0,3,0%,7
https://www.fsidigital.ca/download/irap-application-kit,0,3,0%,7.33
https://www.fsidigital.ca/grants/fl/st-petersburg/women-entrepreneurs,0,3,0%,7.33
https://www.fsidigital.ca/grants/nc/durham/non-profits,0,3,0%,7.33
https://www.fsidigital.ca/grants/wa/seattle/minority-owned,0,3,0%,7.33
https://www.fsidigital.ca/programs/ns-tech-innovation,0,3,0%,7.33
https://www.fsidigital.ca/grants/id/boise/education,0,3,0%,7.67
https://www.fsidigital.ca/grants/tx/austin/veterans,0,3,0%,7.67
https://www.fsidigital.ca/grants/va/richmond/education,0,3,0%,7.67
https://www.fsidigital.ca/programs/nb-tech-innovation,0,3,0%,7.67
https://www.fsidigital.ca/blog/texas-business-grants-2026,0,3,0%,8
https://www.fsidigital.ca/grants/az/chandler/clean-energy,0,3,0%,8
https://www.fsidigital.ca/grants/fl/jacksonville/logistics,0,3,0%,8
https://www.fsidigital.ca/grants/ma/boston/non-profits,0,3,0%,8
https://www.fsidigital.ca/grants/nm/albuquerque/women-entrepreneurs,0,3,0%,8
https://www.fsidigital.ca/grants/on/ottawa/construction,0,3,0%,8
https://www.fsidigital.ca/grants/tx/fort-worth/education,0,3,0%,8
https://www.fsidigital.ca/grants/tx/houston/technology,0,3,0%,8
https://www.fsidigital.ca/blog/irap-industrial-research-assistance-program,0,3,0%,8.33
https://www.fsidigital.ca/download/nserc-research-grants-guide,0,3,0%,8.33
https://www.fsidigital.ca/grants/ga/atlanta/education,0,3,0%,8.33
https://www.fsidigital.ca/grants/nj/newark/construction,0,3,0%,8.33
https://www.fsidigital.ca/grants/oh/cincinnati/education,0,3,0%,8.33
https://www.fsidigital.ca/grants/tx/plano/construction,0,3,0%,8.33
https://www.fsidigital.ca/grants/az/gilbert/non-profits,0,3,0%,8.67
https://www.fsidigital.ca/grants/mi/detroit/retail,0,3,0%,8.67
https://www.fsidigital.ca/grants/oh/cleveland/retail,0,3,0%,8.67
https://www.fsidigital.ca/grants/tx/austin/retail,0,3,0%,8.67
https://www.fsidigital.ca/grants/tx/san-antonio/arts-entertainment,0,3,0%,8.67
https://www.fsidigital.ca/programs/mb-tech-innovation,0,3,0%,8.67
https://www.fsidigital.ca/grants/mi/detroit/non-profits,0,3,0%,9
https://www.fsidigital.ca/grants/nc/raleigh/women-entrepreneurs,0,3,0%,9
https://www.fsidigital.ca/grants/nm/albuquerque/restaurants-hospitality,0,3,0%,9
https://www.fsidigital.ca/grants/pa/philadelphia/education,0,3,0%,9.33
https://www.fsidigital.ca/grants/va/chesapeake/restaurants-hospitality,0,3,0%,9.33
https://www.fsidigital.ca/programs/fl-tech-innovation,0,3,0%,9.33
https://www.fsidigital.ca/grants/ca/concord/veterans,0,3,0%,9.67
https://www.fsidigital.ca/grants/nc/greensboro/logistics,0,3,0%,9.67
https://www.fsidigital.ca/grants/wa/seattle/agriculture,0,3,0%,9.67
https://www.fsidigital.ca/grants/az/gilbert/women-entrepreneurs,0,3,0%,10
https://www.fsidigital.ca/grants/mn/minneapolis/veterans,0,3,0%,10
https://www.fsidigital.ca/grants/nc/durham/construction,0,3,0%,10.33
https://www.fsidigital.ca/grants/nc/durham/retail,0,3,0%,10.33
https://www.fsidigital.ca/grants/nj/jersey-city/restaurants-hospitality,0,3,0%,10.33
https://www.fsidigital.ca/grants/wa/seattle/construction,0,3,0%,10.33
https://www.fsidigital.ca/grants/in/fort-wayne/retail,0,3,0%,10.67
https://www.fsidigital.ca/calendar,0,3,0%,11.33
https://www.fsidigital.ca/grants/ma/boston/retail,0,3,0%,11.67
https://www.fsidigital.ca/grants/fl/tampa/restaurants-hospitality,0,3,0%,12.33
https://www.fsidigital.ca/grants/nv/north-las-vegas/education,0,3,0%,12.33
https://www.fsidigital.ca/grants/ma/boston/technology,0,3,0%,13.33
https://www.fsidigital.ca/grants/nv/north-las-vegas/non-profits,0,3,0%,13.67
https://www.fsidigital.ca/canada/agriculture-startup-funding,0,3,0%,14
https://www.fsidigital.ca/download/women-technology-grants-guide,0,3,0%,14.33
https://www.fsidigital.ca/grants/fl/orlando/veterans,0,3,0%,20.33
https://www.fsidigital.ca/grants/bc/vancouver/retail,0,3,0%,23
https://www.fsidigital.ca/grants/az/tucson/healthcare,0,3,0%,23.67
https://www.fsidigital.ca/programs/nc-tech-innovation,0,3,0%,23.67
https://www.fsidigital.ca/download/indigenous-rural-funding-kit,0,3,0%,25.67
https://www.fsidigital.ca/grants/in/indianapolis/agriculture,0,3,0%,26.67
https://www.fsidigital.ca/blog/newcomer-entrepreneur-grants-2026,0,3,0%,30.67
https://www.fsidigital.ca/usa/pennsylvania/philadelphia,0,3,0%,33.33
https://www.fsidigital.ca/download/cybersecurity-grants-guide,0,3,0%,36.33
https://www.fsidigital.ca/grants/ky/louisville/technology,0,3,0%,38
https://www.fsidigital.ca/blog/sba-loans-grants-guide,0,3,0%,42.33
https://www.fsidigital.ca/grants/mb/steinbach/minority-owned,0,3,0%,42.33
https://www.fsidigital.ca/topics/sred-tax-credit-eligibility,0,3,0%,46.33
https://www.fsidigital.ca/grants/ca/sunnyvale/healthcare,0,3,0%,52
https://www.fsidigital.ca/grants/on/barrie/agriculture,0,3,0%,64.33
https://www.fsidigital.ca/grants/mi/detroit/manufacturing,0,2,0%,1
https://www.fsidigital.ca/download/bdc-women-entrepreneurs-financing-guide,0,2,0%,3
https://www.fsidigital.ca/guides/apply-indigenous-rural-business-funding,0,2,0%,3
https://www.fsidigital.ca/programs/nih-sbir,0,2,0%,3
https://www.fsidigital.ca/grants/az/chandler/education,0,2,0%,3.5
https://www.fsidigital.ca/grants/ca/anaheim/minority-owned,0,2,0%,3.5
https://www.fsidigital.ca/grants/ks/wichita/construction,0,2,0%,3.5
https://www.fsidigital.ca/grants/nj/jersey-city/manufacturing,0,2,0%,3.5
https://www.fsidigital.ca/grants/tx/austin/minority-owned,0,2,0%,3.5
https://www.fsidigital.ca/grants/va/chesapeake/clean-energy,0,2,0%,3.5
https://www.fsidigital.ca/grants/mn/minneapolis/education,0,2,0%,4
https://www.fsidigital.ca/grants/nj/newark/technology,0,2,0%,4
https://www.fsidigital.ca/grants/dc/washington/women-entrepreneurs,0,2,0%,4.5
https://www.fsidigital.ca/grants/hi/honolulu/healthcare,0,2,0%,4.5
https://www.fsidigital.ca/grants/il/chicago/logistics,0,2,0%,4.5
https://www.fsidigital.ca/grants/oh/cleveland/arts-entertainment,0,2,0%,4.5
https://www.fsidigital.ca/blog/how-to-stack-government-grants-canada,0,2,0%,5
https://www.fsidigital.ca/grants/ca/fremont/logistics,0,2,0%,5
https://www.fsidigital.ca/grants/in/indianapolis/construction,0,2,0%,5
https://www.fsidigital.ca/grants/mb/winnipeg/arts-entertainment,0,2,0%,5
https://www.fsidigital.ca/grants/nc/charlotte/minority-owned,0,2,0%,5
https://www.fsidigital.ca/grants/nj/jersey-city/healthcare,0,2,0%,5
https://www.fsidigital.ca/programs/nb-digital-growth,0,2,0%,5
https://www.fsidigital.ca/programs/ns-digital-growth,0,2,0%,5
https://www.fsidigital.ca/usa/arizona/tucson,0,2,0%,5
https://www.fsidigital.ca/grants/fl/tallahassee/education,0,2,0%,5.5
https://www.fsidigital.ca/grants/industry/clean-tech,0,2,0%,5.5
https://www.fsidigital.ca/grants/ma/boston/restaurants-hospitality,0,2,0%,5.5
https://www.fsidigital.ca/grants/mn/minneapolis/technology,0,2,0%,5.5
https://www.fsidigital.ca/grants/mn/saint-paul/technology,0,2,0%,5.5
https://www.fsidigital.ca/grants/mn/saint-paul/veterans,0,2,0%,5.5
https://www.fsidigital.ca/grants/ne/lincoln/restaurants-hospitality,0,2,0%,5.5
https://www.fsidigital.ca/grants/oh/columbus/non-profits,0,2,0%,5.5
https://www.fsidigital.ca/grants/qc/montreal/arts-entertainment,0,2,0%,5.5
https://www.fsidigital.ca/grants/sk/regina/education,0,2,0%,5.5
https://www.fsidigital.ca/grants/va/chesapeake/manufacturing,0,2,0%,5.5
https://www.fsidigital.ca/grants/hi/honolulu/construction,0,2,0%,6
https://www.fsidigital.ca/grants/ks/wichita/non-profits,0,2,0%,6
https://www.fsidigital.ca/grants/ky/lexington/non-profits,0,2,0%,6
https://www.fsidigital.ca/grants/ky/lexington/veterans,0,2,0%,6
https://www.fsidigital.ca/grants/ny/yonkers/education,0,2,0%,6
https://www.fsidigital.ca/grants/oh/cleveland/restaurants-hospitality,0,2,0%,6
https://www.fsidigital.ca/grants/pa/pittsburgh/manufacturing,0,2,0%,6
https://www.fsidigital.ca/grants/wi/milwaukee/non-profits,0,2,0%,6
https://www.fsidigital.ca/grants/ca/fremont/veterans,0,2,0%,6.5
https://www.fsidigital.ca/grants/ca/irvine/education,0,2,0%,6.5
https://www.fsidigital.ca/grants/fl/tallahassee/veterans,0,2,0%,6.5
https://www.fsidigital.ca/grants/ks/wichita/women-entrepreneurs,0,2,0%,6.5
https://www.fsidigital.ca/grants/md/baltimore/non-profits,0,2,0%,6.5
https://www.fsidigital.ca/grants/mi/detroit/logistics,0,2,0%,6.5
https://www.fsidigital.ca/grants/mi/warren/technology,0,2,0%,6.5
https://www.fsidigital.ca/grants/qc/montreal/education,0,2,0%,6.5
https://www.fsidigital.ca/grants/tx/fort-worth/arts-entertainment,0,2,0%,6.5
https://www.fsidigital.ca/grants/tx/houston/healthcare,0,2,0%,6.5
https://www.fsidigital.ca/programs/alberta-innovation-grant,0,2,0%,6.5
https://www.fsidigital.ca/blog/ontario-small-business-grants-guide,0,2,0%,7
https://www.fsidigital.ca/grants/ca/irvine/women-entrepreneurs,0,2,0%,7
https://www.fsidigital.ca/grants/ca/riverside/manufacturing,0,2,0%,7
https://www.fsidigital.ca/grants/nv/north-las-vegas/minority-owned,0,2,0%,7
https://www.fsidigital.ca/grants/qc/montreal/logistics,0,2,0%,7
https://www.fsidigital.ca/grants/qc/montreal/veterans,0,2,0%,7
https://www.fsidigital.ca/grants/wi/madison/restaurants-hospitality,0,2,0%,7
https://www.fsidigital.ca/grants/wi/milwaukee/arts-entertainment,0,2,0%,7
https://www.fsidigital.ca/programs/bc-tech-innovation,0,2,0%,7
https://www.fsidigital.ca/grants/az/gilbert/logistics,0,2,0%,7.5
https://www.fsidigital.ca/grants/az/gilbert/retail,0,2,0%,7.5
https://www.fsidigital.ca/grants/la/baton-rouge/women-entrepreneurs,0,2,0%,7.5
https://www.fsidigital.ca/grants/nj/newark/manufacturing,0,2,0%,7.5
https://www.fsidigital.ca/grants/ok/tulsa/retail,0,2,0%,7.5
https://www.fsidigital.ca/programs/mb-hiring-subsidy,0,2,0%,7.5
https://www.fsidigital.ca/grants/ab/lethbridge/restaurants-hospitality,0,2,0%,8
https://www.fsidigital.ca/grants/az/tucson/logistics,0,2,0%,8
https://www.fsidigital.ca/grants/bc/victoria/technology,0,2,0%,8
https://www.fsidigital.ca/grants/ca/chula-vista/veterans,0,2,0%,8
https://www.fsidigital.ca/grants/ca/riverside/veterans,0,2,0%,8
https://www.fsidigital.ca/grants/in/indianapolis/retail,0,2,0%,8
https://www.fsidigital.ca/grants/ky/lexington/construction,0,2,0%,8
https://www.fsidigital.ca/grants/mn/saint-paul/women-entrepreneurs,0,2,0%,8
https://www.fsidigital.ca/grants/ne/omaha/non-profits,0,2,0%,8
https://www.fsidigital.ca/grants/nv/las-vegas/healthcare,0,2,0%,8
https://www.fsidigital.ca/grants/oh/cincinnati/logistics,0,2,0%,8
https://www.fsidigital.ca/grants/oh/columbus/arts-entertainment,0,2,0%,8
https://www.fsidigital.ca/grants/ok/oklahoma-city/minority-owned,0,2,0%,8
https://www.fsidigital.ca/grants/on/brampton,0,2,0%,8
https://www.fsidigital.ca/grants/on/toronto/veterans,0,2,0%,8
https://www.fsidigital.ca/grants/qc/sherbrooke/agriculture,0,2,0%,8
https://www.fsidigital.ca/grants/tx/houston/veterans,0,2,0%,8
https://www.fsidigital.ca/usa/nebraska,0,2,0%,8
https://www.fsidigital.ca/grants/ak/anchorage/construction,0,2,0%,8.5
https://www.fsidigital.ca/grants/id/boise/retail,0,2,0%,8.5
https://www.fsidigital.ca/grants/qc/sherbrooke/arts-entertainment,0,2,0%,8.5
https://www.fsidigital.ca/grants/tx/dallas/logistics,0,2,0%,8.5
https://www.fsidigital.ca/grants/tx/dallas/retail,0,2,0%,8.5
https://www.fsidigital.ca/grants/tx/laredo/non-profits,0,2,0%,8.5
https://www.fsidigital.ca/grants/tx/san-antonio/non-profits,0,2,0%,8.5
https://www.fsidigital.ca/grants/wi/milwaukee/healthcare,0,2,0%,8.5
https://www.fsidigital.ca/programs/illinois-edge,0,2,0%,8.5
https://www.fsidigital.ca/topics/csbfp-loans-canada,0,2,0%,8.5
https://www.fsidigital.ca/usa/maine/lewistonauburn,0,2,0%,8.5
https://www.fsidigital.ca/blog/cartier-womens-initiative-canada,0,2,0%,9
https://www.fsidigital.ca/blog/irap-vs-sred-difference-canada,0,2,0%,9
https://www.fsidigital.ca/grants/az/phoenix/clean-energy,0,2,0%,9
https://www.fsidigital.ca/grants/az/tucson/education,0,2,0%,9
https://www.fsidigital.ca/grants/co/colorado-springs/non-profits,0,2,0%,9
https://www.fsidigital.ca/grants/in/indianapolis/manufacturing,0,2,0%,9
https://www.fsidigital.ca/grants/in/indianapolis/restaurants-hospitality,0,2,0%,9
https://www.fsidigital.ca/grants/industry/ontario-saas,0,2,0%,9
https://www.fsidigital.ca/grants/oh/cincinnati/non-profits,0,2,0%,9
https://www.fsidigital.ca/grants/oh/cincinnati/restaurants-hospitality,0,2,0%,9
https://www.fsidigital.ca/grants/wa/bellevue/education,0,2,0%,9
https://www.fsidigital.ca/programs/bc-digital-growth,0,2,0%,9
https://www.fsidigital.ca/grants/az/scottsdale/manufacturing,0,2,0%,9.5
https://www.fsidigital.ca/grants/ca/chula-vista/logistics,0,2,0%,9.5
https://www.fsidigital.ca/grants/co/denver/manufacturing,0,2,0%,9.5
https://www.fsidigital.ca/grants/co/denver/women-entrepreneurs,0,2,0%,9.5
https://www.fsidigital.ca/grants/hi/honolulu/restaurants-hospitality,0,2,0%,9.5
https://www.fsidigital.ca/grants/mn/saint-paul/non-profits,0,2,0%,9.5
https://www.fsidigital.ca/grants/nc/charlotte/non-profits,0,2,0%,9.5
https://www.fsidigital.ca/grants/tx/arlington/restaurants-hospitality,0,2,0%,9.5
https://www.fsidigital.ca/grants/tx/el-paso/agriculture,0,2,0%,9.5
https://www.fsidigital.ca/grants/tx/plano/restaurants-hospitality,0,2,0%,9.5
https://www.fsidigital.ca/grants/va/norfolk/minority-owned,0,2,0%,9.5
https://www.fsidigital.ca/grants/va/norfolk/restaurants-hospitality,0,2,0%,9.5
https://www.fsidigital.ca/usa/new-mexico/santa-fe,0,2,0%,9.5
https://www.fsidigital.ca/grants/ca/anaheim/retail,0,2,0%,10
https://www.fsidigital.ca/grants/ca/fremont/arts-entertainment,0,2,0%,10
https://www.fsidigital.ca/grants/ca/irvine/restaurants-hospitality,0,2,0%,10
https://www.fsidigital.ca/grants/ne/lincoln/veterans,0,2,0%,10
https://www.fsidigital.ca/grants/nj/newark/arts-entertainment,0,2,0%,10
https://www.fsidigital.ca/grants/ns/halifax/retail,0,2,0%,10
https://www.fsidigital.ca/grants/nv/las-vegas/construction,0,2,0%,10
https://www.fsidigital.ca/grants/on/hamilton/education,0,2,0%,10
https://www.fsidigital.ca/grants/wi/milwaukee/agriculture,0,2,0%,10
https://www.fsidigital.ca/grants/wi/milwaukee/logistics,0,2,0%,10
https://www.fsidigital.ca/programs/nl-tech-innovation,0,2,0%,10
https://www.fsidigital.ca/usa/north-dakota/grand-forks,0,2,0%,10
https://www.fsidigital.ca/grants/fl/hialeah/women-entrepreneurs,0,2,0%,10.5
https://www.fsidigital.ca/grants/fl/orlando/non-profits,0,2,0%,10.5
https://www.fsidigital.ca/grants/fl/orlando/women-entrepreneurs,0,2,0%,10.5
https://www.fsidigital.ca/grants/ma/boston/arts-entertainment,0,2,0%,10.5
https://www.fsidigital.ca/grants/nc/charlotte/logistics,0,2,0%,10.5
https://www.fsidigital.ca/grants/nj/newark/retail,0,2,0%,10.5
https://www.fsidigital.ca/grants/tx/round-rock/retail,0,2,0%,10.5
https://www.fsidigital.ca/grants/tx/san-antonio/retail,0,2,0%,10.5
https://www.fsidigital.ca/grants/in/indianapolis/logistics,0,2,0%,11
https://www.fsidigital.ca/grants/location/alberta,0,2,0%,11
https://www.fsidigital.ca/guides/apply-irap-government-grants,0,2,0%,11
https://www.fsidigital.ca/grants/az/tucson/women-entrepreneurs,0,2,0%,11.5
https://www.fsidigital.ca/grants/ne/omaha/women-entrepreneurs,0,2,0%,12
https://www.fsidigital.ca/grants/ca/irvine/manufacturing,0,2,0%,12.5
https://www.fsidigital.ca/grants/nc/raleigh/non-profits,0,2,0%,12.5
https://www.fsidigital.ca/programs/ab-tech-innovation,0,2,0%,13
https://www.fsidigital.ca/usa/oklahoma/tulsa,0,2,0%,13
https://www.fsidigital.ca/programs/ohio-tech-cred,0,2,0%,13.5
https://www.fsidigital.ca/grants/qc/sherbrooke/restaurants-hospitality,0,2,0%,14
https://www.fsidigital.ca/grants/co/colorado-springs/minority-owned,0,2,0%,15
https://www.fsidigital.ca/grants/tx/el-paso/manufacturing,0,2,0%,15
https://www.fsidigital.ca/grants/industry/bc-agriculture,0,2,0%,15.5
https://www.fsidigital.ca/blog/canada-industry-specific-grants-guide,0,2,0%,16.5
https://www.fsidigital.ca/grants/qc/quebec-city/agriculture,0,2,0%,17.5
https://www.fsidigital.ca/download/clean-tech-energy-grants-guide,0,2,0%,21
https://www.fsidigital.ca/grants/nj/newark/women-entrepreneurs,0,2,0%,23
https://www.fsidigital.ca/blog/bmo-celebrating-women-grant,0,2,0%,26.5
https://www.fsidigital.ca/grants/qc/longueuil/education,0,2,0%,27
https://www.fsidigital.ca/usa/new-jersey/jersey-city,0,2,0%,28
https://www.fsidigital.ca/usa/north-carolina/asheville,0,2,0%,28
https://www.fsidigital.ca/grants/tx/dallas/agriculture,0,2,0%,28.5
https://www.fsidigital.ca/grants/sk/regina/logistics,0,2,0%,29
https://www.fsidigital.ca/grants/bc/burnaby/arts-entertainment,0,2,0%,29.5
https://www.fsidigital.ca/grants/tx/houston/education,0,2,0%,32.5
https://www.fsidigital.ca/download/scotiabank-women-initiative-guide,0,2,0%,33.5
https://www.fsidigital.ca/download/quebec-women-business-grants-guide,0,2,0%,36
https://www.fsidigital.ca/topics/hiring-wage-subsidies-canada,0,2,0%,38
https://www.fsidigital.ca/grants/ab/edmonton/logistics,0,2,0%,38.5
https://www.fsidigital.ca/grants/ny/rochester/veterans,0,2,0%,41
https://www.fsidigital.ca/grants/mn/minneapolis/agriculture,0,2,0%,41.5
https://www.fsidigital.ca/grants/qc/quebec-city,0,2,0%,41.5
https://www.fsidigital.ca/blog/florida-business-grants-2026,0,2,0%,43.5
https://www.fsidigital.ca/grants/qc/longueuil/non-profits,0,2,0%,43.5
https://www.fsidigital.ca/grants/nc/winston-salem/arts-entertainment,0,2,0%,52.5
https://www.fsidigital.ca/grants/on/sault-ste-marie/minority-owned,0,2,0%,56
https://www.fsidigital.ca/grants/industry/manufacturers,0,2,0%,84.5
https://www.fsidigital.ca/grants/ak/anchorage/healthcare,0,1,0%,1
https://www.fsidigital.ca/grants/bc/richmond/healthcare,0,1,0%,1
https://www.fsidigital.ca/grants/co/colorado-springs/construction,0,1,0%,1
https://www.fsidigital.ca/grants/hi/honolulu/retail,0,1,0%,1
https://www.fsidigital.ca/grants/in/indianapolis/education,0,1,0%,1
https://www.fsidigital.ca/grants/mn/saint-paul/logistics,0,1,0%,1
https://www.fsidigital.ca/grants/ns/halifax/veterans,0,1,0%,1
https://www.fsidigital.ca/grants/nv/henderson/women-entrepreneurs,0,1,0%,1
https://www.fsidigital.ca/grants/oh/dayton/retail,0,1,0%,1
https://www.fsidigital.ca/grants/on/ottawa/minority-owned,0,1,0%,1
https://www.fsidigital.ca/grants/or/portland/education,0,1,0%,1
https://www.fsidigital.ca/guides/canada-life-sciences-funding-guide,0,1,0%,1
https://www.fsidigital.ca/grants/ab/calgary/construction,0,1,0%,2
https://www.fsidigital.ca/grants/az/glendale/healthcare,0,1,0%,2
https://www.fsidigital.ca/grants/ca/fremont/technology,0,1,0%,2
https://www.fsidigital.ca/grants/ca/san-francisco/construction,0,1,0%,2
https://www.fsidigital.ca/grants/ia/des-moines/logistics,0,1,0%,2
https://www.fsidigital.ca/grants/ia/des-moines/veterans,0,1,0%,2
https://www.fsidigital.ca/grants/ne/omaha/healthcare,0,1,0%,2
https://www.fsidigital.ca/grants/nv/reno/education,0,1,0%,2
https://www.fsidigital.ca/grants/ny/new-york-city/construction,0,1,0%,2
https://www.fsidigital.ca/grants/ny/syracuse/logistics,0,1,0%,2
https://www.fsidigital.ca/grants/oh/akron/manufacturing,0,1,0%,2
https://www.fsidigital.ca/grants/oh/toledo/construction,0,1,0%,2
https://www.fsidigital.ca/grants/on/woodstock/restaurants-hospitality,0,1,0%,2
https://www.fsidigital.ca/grants/or/portland/logistics,0,1,0%,2
https://www.fsidigital.ca/grants/tx/corpus-christi/women-entrepreneurs,0,1,0%,2
https://www.fsidigital.ca/grants/va/chesapeake/minority-owned,0,1,0%,2
https://www.fsidigital.ca/grants/wi/madison/education,0,1,0%,2
https://www.fsidigital.ca/partners/usa-funding-leads,0,1,0%,2
https://www.fsidigital.ca/programs/sba-7a-loans,0,1,0%,2
https://www.fsidigital.ca/grants/az/glendale/arts-entertainment,0,1,0%,3
https://www.fsidigital.ca/grants/industry/non-profits,0,1,0%,3
https://www.fsidigital.ca/grants/mn/minneapolis/logistics,0,1,0%,3
https://www.fsidigital.ca/grants/ne/lincoln/logistics,0,1,0%,3
https://www.fsidigital.ca/grants/nm/albuquerque/manufacturing,0,1,0%,3
https://www.fsidigital.ca/grants/ny/buffalo/logistics,0,1,0%,3
https://www.fsidigital.ca/grants/ny/syracuse/education,0,1,0%,3
https://www.fsidigital.ca/grants/oh/cleveland/minority-owned,0,1,0%,3
https://www.fsidigital.ca/grants/oh/columbus/healthcare,0,1,0%,3
https://www.fsidigital.ca/grants/tx/laredo/manufacturing,0,1,0%,3
https://www.fsidigital.ca/grants/tx/san-antonio/education,0,1,0%,3
https://www.fsidigital.ca/grants/va/norfolk/agriculture,0,1,0%,3
https://www.fsidigital.ca/programs/sk-digital-growth,0,1,0%,3
https://www.fsidigital.ca/download/agriculture-agri-food-application-kit,0,1,0%,4
https://www.fsidigital.ca/grants/ab/airdrie/minority-owned,0,1,0%,4
https://www.fsidigital.ca/grants/az/gilbert/arts-entertainment,0,1,0%,4
https://www.fsidigital.ca/grants/ca/chula-vista/non-profits,0,1,0%,4
https://www.fsidigital.ca/grants/ca/fremont/retail,0,1,0%,4
https://www.fsidigital.ca/grants/co/colorado-springs/manufacturing,0,1,0%,4
https://www.fsidigital.ca/grants/fl/st-petersburg/minority-owned,0,1,0%,4
https://www.fsidigital.ca/grants/in/fort-wayne/non-profits,0,1,0%,4
https://www.fsidigital.ca/grants/ma/boston/clean-energy,0,1,0%,4
https://www.fsidigital.ca/grants/mn/minneapolis/healthcare,0,1,0%,4
https://www.fsidigital.ca/grants/mn/minneapolis/non-profits,0,1,0%,4
https://www.fsidigital.ca/grants/nj/jersey-city/education,0,1,0%,4
https://www.fsidigital.ca/grants/nv/las-vegas/logistics,0,1,0%,4
https://www.fsidigital.ca/grants/nv/reno/technology,0,1,0%,4
https://www.fsidigital.ca/grants/qc/montreal/restaurants-hospitality,0,1,0%,4
https://www.fsidigital.ca/grants/tx/san-antonio/construction,0,1,0%,4
https://www.fsidigital.ca/grants/tx/san-antonio/restaurants-hospitality,0,1,0%,4
https://www.fsidigital.ca/grants/va/chesapeake/agriculture,0,1,0%,4
https://www.fsidigital.ca/grants/va/norfolk/logistics,0,1,0%,4
https://www.fsidigital.ca/grants/va/norfolk/technology,0,1,0%,4
https://www.fsidigital.ca/grants/wa/seattle/logistics,0,1,0%,4
https://www.fsidigital.ca/grants/wi/milwaukee/education,0,1,0%,4
https://www.fsidigital.ca/programs/texas-enterprise-fund,0,1,0%,4
https://www.fsidigital.ca/blog/canada-regional-economic-development-grants-guide,0,1,0%,5
https://www.fsidigital.ca/case-studies/texas-robotics-250k,0,1,0%,5
https://www.fsidigital.ca/download/csbfp-application-kit,0,1,0%,5
https://www.fsidigital.ca/grants/ab/calgary/manufacturing,0,1,0%,5
https://www.fsidigital.ca/grants/ab/edmonton/agriculture,0,1,0%,5
https://www.fsidigital.ca/grants/bc/abbotsford/restaurants-hospitality,0,1,0%,5
https://www.fsidigital.ca/grants/bc/surrey/women-entrepreneurs,0,1,0%,5
https://www.fsidigital.ca/grants/fl/orlando/clean-energy,0,1,0%,5
https://www.fsidigital.ca/grants/ga/atlanta/manufacturing,0,1,0%,5
https://www.fsidigital.ca/grants/industry/mining-resources,0,1,0%,5
https://www.fsidigital.ca/grants/industry/quebec-professional-services,0,1,0%,5
https://www.fsidigital.ca/grants/ks/wichita/manufacturing,0,1,0%,5
https://www.fsidigital.ca/grants/md/baltimore/retail,0,1,0%,5
https://www.fsidigital.ca/grants/mn/saint-paul/healthcare,0,1,0%,5
https://www.fsidigital.ca/grants/nc/greensboro/construction,0,1,0%,5
https://www.fsidigital.ca/grants/nv/reno/manufacturing,0,1,0%,5
https://www.fsidigital.ca/grants/ny/rochester/education,0,1,0%,5
https://www.fsidigital.ca/grants/ok/tulsa/education,0,1,0%,5
https://www.fsidigital.ca/grants/on/hamilton/non-profits,0,1,0%,5
https://www.fsidigital.ca/grants/tx/houston/construction,0,1,0%,5
https://www.fsidigital.ca/grants/va/richmond/arts-entertainment,0,1,0%,5
https://www.fsidigital.ca/grants/va/richmond/retail,0,1,0%,5
https://www.fsidigital.ca/programs/ca-digital-growth,0,1,0%,5
https://www.fsidigital.ca/subscribe/unsubscribe,0,1,0%,5
https://www.fsidigital.ca/grants/bc/abbotsford/non-profits,0,1,0%,6
https://www.fsidigital.ca/grants/bc/kelowna/healthcare,0,1,0%,6
https://www.fsidigital.ca/grants/ca/anaheim/logistics,0,1,0%,6
https://www.fsidigital.ca/grants/ca/irvine/logistics,0,1,0%,6
https://www.fsidigital.ca/grants/ca/riverside/women-entrepreneurs,0,1,0%,6
https://www.fsidigital.ca/grants/ca/san-bernardino/women-entrepreneurs,0,1,0%,6
https://www.fsidigital.ca/grants/ca/san-diego/women-entrepreneurs,0,1,0%,6
https://www.fsidigital.ca/grants/fl/hialeah/technology,0,1,0%,6
https://www.fsidigital.ca/grants/hi/honolulu/manufacturing,0,1,0%,6
https://www.fsidigital.ca/grants/in/fort-wayne/agriculture,0,1,0%,6
https://www.fsidigital.ca/grants/nc/durham/manufacturing,0,1,0%,6
https://www.fsidigital.ca/grants/ne/lincoln/retail,0,1,0%,6
https://www.fsidigital.ca/grants/ne/omaha/clean-energy,0,1,0%,6
https://www.fsidigital.ca/grants/nj/jersey-city/non-profits,0,1,0%,6
https://www.fsidigital.ca/grants/nv/las-vegas/clean-energy,0,1,0%,6
https://www.fsidigital.ca/grants/ny/rochester/agriculture,0,1,0%,6
https://www.fsidigital.ca/grants/oh/parma/technology,0,1,0%,6
https://www.fsidigital.ca/grants/or/portland/agriculture,0,1,0%,6
https://www.fsidigital.ca/grants/pa/philadelphia/agriculture,0,1,0%,6
https://www.fsidigital.ca/grants/qc/quebec-city/veterans,0,1,0%,6
https://www.fsidigital.ca/grants/tn/nashville/retail,0,1,0%,6
https://www.fsidigital.ca/grants/tx/arlington/clean-energy,0,1,0%,6
https://www.fsidigital.ca/grants/tx/irving/logistics,0,1,0%,6
https://www.fsidigital.ca/grants/va/chesapeake/construction,0,1,0%,6
https://www.fsidigital.ca/grants/va/chesapeake/women-entrepreneurs,0,1,0%,6
https://www.fsidigital.ca/grants/va/norfolk/clean-energy,0,1,0%,6
https://www.fsidigital.ca/programs/canexport,0,1,0%,6
https://www.fsidigital.ca/blog/biden-2-5b-grants-2026,0,1,0%,7
https://www.fsidigital.ca/blog/commercialization-scale-up-funding-canada,0,1,0%,7
https://www.fsidigital.ca/grants/ab/calgary/arts-entertainment,0,1,0%,7
https://www.fsidigital.ca/grants/bc/victoria/retail,0,1,0%,7
https://www.fsidigital.ca/grants/dc/washington/construction,0,1,0%,7
https://www.fsidigital.ca/grants/hi/honolulu/arts-entertainment,0,1,0%,7
https://www.fsidigital.ca/grants/ky/lexington/clean-energy,0,1,0%,7
https://www.fsidigital.ca/grants/la/baton-rouge/minority-owned,0,1,0%,7
https://www.fsidigital.ca/grants/mi/ann-arbor/clean-energy,0,1,0%,7
https://www.fsidigital.ca/grants/mi/detroit/education,0,1,0%,7
https://www.fsidigital.ca/grants/mi/lansing/non-profits,0,1,0%,7
https://www.fsidigital.ca/grants/mn/minneapolis/minority-owned,0,1,0%,7
https://www.fsidigital.ca/grants/mn/saint-paul/agriculture,0,1,0%,7
https://www.fsidigital.ca/grants/nc/greensboro/arts-entertainment,0,1,0%,7
https://www.fsidigital.ca/grants/ne/lincoln/education,0,1,0%,7
https://www.fsidigital.ca/grants/nj/newark/restaurants-hospitality,0,1,0%,7
https://www.fsidigital.ca/grants/ny/new-york-city/minority-owned,0,1,0%,7
https://www.fsidigital.ca/grants/oh/akron/healthcare,0,1,0%,7
https://www.fsidigital.ca/grants/oh/dayton/veterans,0,1,0%,7
https://www.fsidigital.ca/grants/ok/tulsa/clean-energy,0,1,0%,7
https://www.fsidigital.ca/grants/on/orillia/retail,0,1,0%,7
https://www.fsidigital.ca/grants/or/portland/veterans,0,1,0%,7
https://www.fsidigital.ca/grants/pa/philadelphia/arts-entertainment,0,1,0%,7
https://www.fsidigital.ca/grants/tx/austin/agriculture,0,1,0%,7
https://www.fsidigital.ca/grants/tx/plano/minority-owned,0,1,0%,7
https://www.fsidigital.ca/grants/tx/san-antonio/manufacturing,0,1,0%,7
https://www.fsidigital.ca/grants/va/norfolk/healthcare,0,1,0%,7
https://www.fsidigital.ca/grants/wi/madison/retail,0,1,0%,7
https://www.fsidigital.ca/guides/edc-women-trade-export-financing-guide,0,1,0%,7
https://www.fsidigital.ca/programs/nl-hiring-subsidy,0,1,0%,7
https://www.fsidigital.ca/blog/canada-housing-community-grants-2026,0,1,0%,8
https://www.fsidigital.ca/grants/ak/anchorage/retail,0,1,0%,8
https://www.fsidigital.ca/grants/az/glendale/technology,0,1,0%,8
https://www.fsidigital.ca/grants/az/scottsdale/healthcare,0,1,0%,8
https://www.fsidigital.ca/grants/bc/burnaby,0,1,0%,8
https://www.fsidigital.ca/grants/ca/fremont/agriculture,0,1,0%,8
https://www.fsidigital.ca/grants/co/denver/minority-owned,0,1,0%,8
https://www.fsidigital.ca/grants/co/denver/veterans,0,1,0%,8
https://www.fsidigital.ca/grants/fl/tampa/arts-entertainment,0,1,0%,8
https://www.fsidigital.ca/grants/id,0,1,0%,8
https://www.fsidigital.ca/grants/il/chicago/clean-energy,0,1,0%,8
https://www.fsidigital.ca/grants/in/indianapolis/healthcare,0,1,0%,8
https://www.fsidigital.ca/grants/ky/lexington/healthcare,0,1,0%,8
https://www.fsidigital.ca/grants/ky/lexington/technology,0,1,0%,8
https://www.fsidigital.ca/grants/location/florida,0,1,0%,8
https://www.fsidigital.ca/grants/location/quebec,0,1,0%,8
https://www.fsidigital.ca/grants/nc/durham/healthcare,0,1,0%,8
https://www.fsidigital.ca/grants/nc/durham/technology,0,1,0%,8
https://www.fsidigital.ca/grants/nc/raleigh/clean-energy,0,1,0%,8
https://www.fsidigital.ca/grants/nc/winston-salem/restaurants-hospitality,0,1,0%,8
https://www.fsidigital.ca/grants/ne/lincoln/technology,0,1,0%,8
https://www.fsidigital.ca/grants/ne/omaha,0,1,0%,8
https://www.fsidigital.ca/grants/nv/reno/clean-energy,0,1,0%,8
https://www.fsidigital.ca/grants/nv/reno/women-entrepreneurs,0,1,0%,8
https://www.fsidigital.ca/grants/ny/buffalo/retail,0,1,0%,8
https://www.fsidigital.ca/grants/oh/cincinnati/construction,0,1,0%,8
https://www.fsidigital.ca/grants/oh/cleveland,0,1,0%,8
https://www.fsidigital.ca/grants/oh/toledo/manufacturing,0,1,0%,8
https://www.fsidigital.ca/grants/sk/regina,0,1,0%,8
https://www.fsidigital.ca/grants/tn/nashville/construction,0,1,0%,8
https://www.fsidigital.ca/grants/tx/fort-worth/logistics,0,1,0%,8
https://www.fsidigital.ca/grants/va/richmond/manufacturing,0,1,0%,8
https://www.fsidigital.ca/grants/wi/milwaukee/construction,0,1,0%,8
https://www.fsidigital.ca/partners/business-loan-leads,0,1,0%,8
https://www.fsidigital.ca/programs/fl-digital-growth,0,1,0%,8
https://www.fsidigital.ca/programs/nb-clean-energy,0,1,0%,8
https://www.fsidigital.ca/programs/pa-tech-innovation,0,1,0%,8
https://www.fsidigital.ca/usa/missouri/st-louis,0,1,0%,8
https://www.fsidigital.ca/blog/edc-women-trade-export-financing,0,1,0%,9
https://www.fsidigital.ca/blog/sba-7a-loans-complete-guide,0,1,0%,9
https://www.fsidigital.ca/compare/ota-vs-irap,0,1,0%,9
https://www.fsidigital.ca/download/csbfp-government-financing-kit,0,1,0%,9
https://www.fsidigital.ca/grants/ab/st-albert/education,0,1,0%,9
https://www.fsidigital.ca/grants/ak/anchorage/non-profits,0,1,0%,9
https://www.fsidigital.ca/grants/az/gilbert,0,1,0%,9
https://www.fsidigital.ca/grants/az/scottsdale/non-profits,0,1,0%,9
https://www.fsidigital.ca/grants/co/denver/arts-entertainment,0,1,0%,9
https://www.fsidigital.ca/grants/fl/miami/arts-entertainment,0,1,0%,9
https://www.fsidigital.ca/grants/fl/tallahassee/retail,0,1,0%,9
https://www.fsidigital.ca/grants/il/chicago/education,0,1,0%,9
https://www.fsidigital.ca/grants/in/fort-wayne/women-entrepreneurs,0,1,0%,9
https://www.fsidigital.ca/grants/industry/healthcare-medtech,0,1,0%,9
https://www.fsidigital.ca/grants/ky/lexington/minority-owned,0,1,0%,9
https://www.fsidigital.ca/grants/la/new-orleans/arts-entertainment,0,1,0%,9
https://www.fsidigital.ca/grants/nc/charlotte/education,0,1,0%,9
https://www.fsidigital.ca/grants/nc/raleigh/minority-owned,0,1,0%,9
https://www.fsidigital.ca/grants/nj/jersey-city/arts-entertainment,0,1,0%,9
https://www.fsidigital.ca/grants/nv/henderson/manufacturing,0,1,0%,9
https://www.fsidigital.ca/grants/nv/reno/agriculture,0,1,0%,9
https://www.fsidigital.ca/grants/ny/rochester/construction,0,1,0%,9
https://www.fsidigital.ca/grants/ny/yonkers/clean-energy,0,1,0%,9
https://www.fsidigital.ca/grants/oh/toledo/education,0,1,0%,9
https://www.fsidigital.ca/grants/oh/toledo/minority-owned,0,1,0%,9
https://www.fsidigital.ca/grants/on/ottawa/clean-energy,0,1,0%,9
https://www.fsidigital.ca/grants/on/vaughan,0,1,0%,9
https://www.fsidigital.ca/grants/or/portland/construction,0,1,0%,9
https://www.fsidigital.ca/grants/va/chesapeake/retail,0,1,0%,9
https://www.fsidigital.ca/grants/va/richmond/veterans,0,1,0%,9
https://www.fsidigital.ca/grants/wi/madison/technology,0,1,0%,9
https://www.fsidigital.ca/programs/ma-tech-innovation,0,1,0%,9
https://www.fsidigital.ca/programs/nc-digital-growth,0,1,0%,9
https://www.fsidigital.ca/topics/alberta-innovates-grant,0,1,0%,9
https://www.fsidigital.ca/download/irap-innovation-application-guide,0,1,0%,10
https://www.fsidigital.ca/grants/ak/anchorage/agriculture,0,1,0%,10
https://www.fsidigital.ca/grants/ak/anchorage/manufacturing,0,1,0%,10
https://www.fsidigital.ca/grants/az/chandler/healthcare,0,1,0%,10
https://www.fsidigital.ca/grants/az/phoenix/agriculture,0,1,0%,10
https://www.fsidigital.ca/grants/bc/victoria/clean-energy,0,1,0%,10
https://www.fsidigital.ca/grants/ca/irvine/veterans,0,1,0%,10
https://www.fsidigital.ca/grants/ca/los-angeles/manufacturing,0,1,0%,10
https://www.fsidigital.ca/grants/ca/oakland/healthcare,0,1,0%,10
https://www.fsidigital.ca/grants/ca/riverside/healthcare,0,1,0%,10
https://www.fsidigital.ca/grants/fl/tampa/construction,0,1,0%,10
https://www.fsidigital.ca/grants/hi/honolulu/agriculture,0,1,0%,10
https://www.fsidigital.ca/grants/ia/des-moines/healthcare,0,1,0%,10
https://www.fsidigital.ca/grants/id/boise/construction,0,1,0%,10
https://www.fsidigital.ca/grants/il/springfield-il/restaurants-hospitality,0,1,0%,10
https://www.fsidigital.ca/grants/in/indianapolis/non-profits,0,1,0%,10
https://www.fsidigital.ca/grants/industry/alberta-agriculture,0,1,0%,10
https://www.fsidigital.ca/grants/ks/wichita/clean-energy,0,1,0%,10
https://www.fsidigital.ca/grants/ky/lexington/retail,0,1,0%,10
https://www.fsidigital.ca/grants/la/new-orleans/non-profits,0,1,0%,10
https://www.fsidigital.ca/grants/mi/detroit/healthcare,0,1,0%,10
https://www.fsidigital.ca/grants/ny/new-york-city/logistics,0,1,0%,10
https://www.fsidigital.ca/grants/oh/cincinnati/manufacturing,0,1,0%,10
https://www.fsidigital.ca/grants/oh/cleveland/technology,0,1,0%,10
https://www.fsidigital.ca/grants/ok/tulsa/construction,0,1,0%,10
https://www.fsidigital.ca/grants/qc/laval/logistics,0,1,0%,10
https://www.fsidigital.ca/grants/tn/memphis/veterans,0,1,0%,10
https://www.fsidigital.ca/grants/tn/nashville/education,0,1,0%,10
https://www.fsidigital.ca/grants/tx/austin/non-profits,0,1,0%,10
https://www.fsidigital.ca/grants/tx/laredo/veterans,0,1,0%,10
https://www.fsidigital.ca/grants/wi/madison/clean-energy,0,1,0%,10
https://www.fsidigital.ca/grants/wi/milwaukee/clean-energy,0,1,0%,10
https://www.fsidigital.ca/grants/wi/milwaukee/restaurants-hospitality,0,1,0%,10
https://www.fsidigital.ca/guides/apply-sbir-grants,0,1,0%,10
https://www.fsidigital.ca/programs/oh-digital-growth,0,1,0%,10
https://www.fsidigital.ca/programs/on-tech-innovation,0,1,0%,10
https://www.fsidigital.ca/usa/delaware/wilmington,0,1,0%,10
https://www.fsidigital.ca/compare/sbir-vs-doe-grants,0,1,0%,11
https://www.fsidigital.ca/grants/az/scottsdale/logistics,0,1,0%,11
https://www.fsidigital.ca/grants/bc/kelowna/veterans,0,1,0%,11
https://www.fsidigital.ca/grants/bc/nanaimo,0,1,0%,11
https://www.fsidigital.ca/grants/ca/riverside/arts-entertainment,0,1,0%,11
https://www.fsidigital.ca/grants/ca/west-covina/healthcare,0,1,0%,11
https://www.fsidigital.ca/grants/fl/tampa/minority-owned,0,1,0%,11
https://www.fsidigital.ca/grants/ga,0,1,0%,11
https://www.fsidigital.ca/grants/ma/boston/construction,0,1,0%,11
https://www.fsidigital.ca/grants/nc/charlotte/veterans,0,1,0%,11
https://www.fsidigital.ca/grants/nj/newark/healthcare,0,1,0%,11
https://www.fsidigital.ca/grants/nj/newark/veterans,0,1,0%,11
https://www.fsidigital.ca/grants/nl/st-johns,0,1,0%,11
https://www.fsidigital.ca/grants/nv/north-las-vegas/construction,0,1,0%,11
https://www.fsidigital.ca/grants/nv/reno/logistics,0,1,0%,11
https://www.fsidigital.ca/grants/oh/cincinnati/retail,0,1,0%,11
https://www.fsidigital.ca/grants/on/burlington/logistics,0,1,0%,11
https://www.fsidigital.ca/grants/qc/gatineau,0,1,0%,11
https://www.fsidigital.ca/grants/tx/el-paso/construction,0,1,0%,11
https://www.fsidigital.ca/grants/tx/houston/retail,0,1,0%,11
https://www.fsidigital.ca/grants/tx/laredo/construction,0,1,0%,11
https://www.fsidigital.ca/grants/tx/san-antonio/clean-energy,0,1,0%,11
https://www.fsidigital.ca/grants/va/norfolk/construction,0,1,0%,11
https://www.fsidigital.ca/grants/wa/bellevue/women-entrepreneurs,0,1,0%,11
https://www.fsidigital.ca/grants/wa/renton/minority-owned,0,1,0%,11
https://www.fsidigital.ca/programs/ns-hiring-subsidy,0,1,0%,11
https://www.fsidigital.ca/programs/sk-tech-innovation,0,1,0%,11
https://www.fsidigital.ca/topics/futurpreneur-startup-funding,0,1,0%,11
https://www.fsidigital.ca/grants/az/gilbert/clean-energy,0,1,0%,13
https://www.fsidigital.ca/grants/tx/houston/arts-entertainment,0,1,0%,13
https://www.fsidigital.ca/grants/md/baltimore/logistics,0,1,0%,17
https://www.fsidigital.ca/usa/texas,0,1,0%,18
https://www.fsidigital.ca/usa/florida/tampa,0,1,0%,19
https://www.fsidigital.ca/grants/bc/richmond/manufacturing,0,1,0%,20
https://www.fsidigital.ca/grants/ca/los-angeles/retail,0,1,0%,20
https://www.fsidigital.ca/grants/ns/halifax/agriculture,0,1,0%,23
https://www.fsidigital.ca/grants/industry/ontario-construction,0,1,0%,26